,sepal_length,sepal_width,petal_length,petal_width
count,150.0,150.0,150.0,150.0
mean,0.42870370370370364,0.4405555555555554,0.46745762711864397,0.45805555555555555
std,0.2300183688827397,0.18161095205695757,0.2992030903829604,0.31759902873347773
min,0.0,0.0,0.0,0.0
25%,0.22222222222222213,0.3333333333333332,0.1016949152542373,0.08333333333333333
50%,0.41666666666666663,0.41666666666666663,0.5677966101694916,0.5
75%,0.5833333333333334,0.5416666666666665,0.6949152542372881,0.7083333333333334
max,1.0,1.0,1.0,1.0
