,Area,Perimeter,Compactness,Length of kernel,Width of kernel,Asymmetry coefficient,Length of kernel groove,Class
count,210.0,210.0,210.0,210.0,210.0,210.0,210.0,210.0
mean,0.4020324654885561,0.44406729634002357,0.5707674358309566,0.4107732732732733,0.44804330855649444,0.3816329626416873,0.4377505802912007,2.0
std,0.27475915303941095,0.2698261831743847,0.21442301800223687,0.24947267890002778,0.2692191339319937,0.19549820317801292,0.241989413639786,0.8184475910711349
min,0.0,0.0,0.0,0.0,0.0,0.0,0.0,1.0
25%,0.1586402266288952,0.21487603305785108,0.44283121597096187,0.2045326576576575,0.22380612972202413,0.23357474417818466,0.25898572131954695,1.0
50%,0.35552407932011326,0.39462809917355357,0.5930127041742286,0.35163288288288286,0.43264433357091947,0.3684744308208403,0.34662727720334824,2.0
75%,0.6340887629839472,0.6828512396694215,0.7230036297640653,0.6085304054054056,0.6641126158232357,0.5205697642668607,0.6686361398325947,3.0
max,1.0,1.0,1.0,1.0,1.0,1.0,1.0,3.0
